OTU	erec	erec_l	m.app	m.com	m.ora1	m.ora2	m.ora3	m.pea	m.pet1	m.pet1_l	m.pet2	m.pet2_l	m.pet3	m.pet3_l	m.pet4	m.pet4_l	m.pet5	m.pet5_l	m.pet6	m.pet6_l	m.str	mel	mel_l	moja	moja_l	pers	pers_l	pseu	pseu_l	s.app	s.com	s.ora1	s.ora2	s.ora3	s.pea	s.pet1	s.pet1_l	s.pet2	s.pet2_l	s.pet3	s.pet3_l	s.pet4	s.pet4_l	s.pet5	s.pet5_l	s.pet6	s.pet6_l	s.str	sech	sech_l	sim	sim_l	vir	vir_l	yak	yak_l
C1	94	21	385	80	2	40	127	263	0	0	0	0	0	0	0	0	0	0	0	0	314	70	14	12	0	9	24	5	2	145	149	23	41	3	242	0	0	0	0	0	1	0	0	0	0	0	0	105	13	5	3	3	128	123	11	1
C2	82	0	2	21	0	0	0	15	1	3	0	1	91	0	13	4	0	0	10	2	2	0	0	0	0	1	0	0	0	0	0	0	2	17	15	0	0	0	1	0	0	15	7	2	0	0	0	0	54	2	0	0	0	1	36	0
C3	7854	6339	9779	2824	173	2783	3601	9019	0	35	0	0	0	0	0	25	0	0	39	0	3686	4610	7790	7249	2516	532	5141	5464	6044	6435	2320	916	2190	251	5744	0	0	0	0	1	7289	13	0	0	0	7	0	2894	2413	3812	1108	7528	3559	8902	12218	7831
C4	3	0	0	0	0	0	0	0	0	0	0	0	0	8	0	6	0	0	2	5	0	0	0	0	0	0	0	0	0	0	0	0	0	0	0	0	0	0	0	360	0	0	5	0	0	0	0	0	0	1	0	0	0	0	8	0
C5	108	0	1	4	0	19	0	2	6	0	0	0	13	0	3	25	11	0	2	0	1	0	0	0	3	0	0	0	0	0	1	0	0	0	2	0	0	0	1	0	0	0	220	0	0	0	0	0	57	1	0	1	0	0	7	0
C6	8	1	3	0	3	8	32	11	7	10	0	4	5	1	5	8	6	19	0	3	15	13	5	5	3	9	5	4	7	1	8	2	6	1	10	1	0	1	4	0	3	5	4	1	0	0	0	0	5	3	0	3	5	3	4	0
C7	2524	294	1	111	0	46	0	10	0	4889	0	0	0	1114	0	0	0	0	0	0	0	154	1	587	3215	3086	14	408	1586	0	47	0	3	0	3	0	0	0	0	0	0	0	0	0	0	0	0	0	642	71	23	0	230	72	1494	0
C8	98	1	1	8	0	0	1	0	1	0	1	0	74	24	7	27	0	1	31	5	1	0	1	0	0	0	0	0	0	1	1	0	0	0	5	3	0	0	9	9	0	32	22	0	0	1	1	0	41	10	0	0	0	0	17	0
C9	33	0	0	2	0	0	0	2	0	0	5	0	25	0	61	0	0	0	0	0	0	0	0	0	0	0	0	0	0	0	1	0	0	0	2	0	0	0	0	1	0	0	0	0	0	5	0	0	19	0	1	0	0	0	40	0
C10	5	0	34	5	0	9	22	7	0	0	0	0	0	0	0	0	0	0	0	0	9	20	3	11	1	0	1	22	1	14	1	5	2	1	15	0	0	0	0	0	2	0	0	0	0	0	0	4	4	0	2	2	10	3	2	0
C11	40	1	0	0	0	0	0	0	0	57	0	0	2	3	2	0	0	0	0	0	0	11	0	0	10	56	0	7	38	0	1	0	0	0	0	0	0	0	0	0	0	0	0	0	0	0	0	0	9	0	0	0	4	0	35	0
C14	14	0	0	0	0	0	0	0	0	1	0	0	5	0	1	0	0	0	0	0	0	0	0	0	0	0	0	0	0	0	0	0	1	0	0	0	0	0	0	7	0	0	0	0	0	0	0	0	6	0	0	0	0	0	7	0
C15	5	0	0	0	0	0	0	0	0	0	0	0	11	0	1	0	0	0	0	0	0	0	0	0	0	2	0	0	0	0	0	0	0	0	0	0	0	0	0	0	0	0	0	0	0	0	0	0	1	0	0	0	0	0	1	0
C16	212	0	0	8	0	0	0	0	440	2	23	0	0	0	0	0	0	0	164	9704	0	57	0	123	11	112	820	57	1	0	5	0	0	0	0	0	0	0	0	0	0	0	0	0	0	0	0	0	120	0	0	0	1793	2	15	0
C19	5	0	0	0	0	0	0	0	0	0	0	0	0	0	0	5	0	0	0	0	0	0	0	0	0	0	0	0	0	0	0	0	0	0	0	0	0	0	0	0	0	0	0	0	0	0	0	0	4	3	0	0	0	0	0	0
C21	18	2	1	5	0	0	1	2	3	0	1	0	7	6	1	23	0	0	7	2	0	0	0	0	0	0	0	0	0	0	13	0	0	0	1	0	0	0	0	0	0	9	3	0	0	0	1	1	11	5	0	0	0	3	6	0
C22	7	0	0	1	0	2	1	0	14	1	0	0	11	0	7	0	0	0	0	0	1	0	0	0	0	0	0	0	0	0	0	0	0	0	3	0	0	0	0	3	0	0	0	1	0	0	0	0	11	0	1	0	0	0	5	0
C23	0	0	0	15	0	0	0	0	0	0	0	0	0	0	0	0	0	0	0	1	0	0	0	0	0	0	0	0	0	0	14	0	0	0	1	0	0	0	0	0	0	0	0	0	0	0	0	0	0	0	0	0	0	0	0	0
C24	4	0	0	1	0	0	0	1	0	0	0	0	0	0	0	8	0	0	0	0	1	0	0	0	1	0	0	0	0	0	2	0	0	0	1	0	0	0	0	0	0	0	1	0	0	0	0	0	3	0	0	0	0	1	3	0
C25	12	1	17	4	0	0	1	11	0	0	0	0	0	0	0	0	0	0	0	0	4	1	0	0	0	0	3	0	1	5	4	0	1	0	9	0	0	0	0	0	0	0	0	0	0	0	0	3	3	1	0	1	0	1	16	0
C27	7	0	0	1	0	0	0	0	0	0	0	0	22	0	1	0	0	0	0	0	0	0	0	0	0	0	0	0	0	0	0	0	0	0	0	0	0	0	0	0	0	0	0	0	0	0	0	0	0	0	0	0	0	0	21	0
C28	2	0	0	1	0	0	0	3	0	0	0	0	0	0	0	1	0	0	1	0	0	0	0	0	0	0	0	0	0	0	0	0	0	0	4	0	0	0	0	0	0	0	0	0	0	0	0	0	1	0	0	0	0	0	1	0
C30	2	0	0	0	0	1	0	3	0	0	0	0	0	0	0	1	0	0	1	1	0	0	0	0	0	0	0	0	1	1	4	0	0	0	3	0	0	0	0	0	0	1	0	0	0	0	0	0	1	0	0	0	0	0	0	0
C31	20	1	0	1	0	0	0	0	1	10	4	0	9	0	0	35	0	0	8	7	4	0	0	0	1	0	0	0	0	0	1	0	0	0	0	0	3	0	1	1	0	27	6	0	0	1	0	0	10	6	0	0	0	4	6	0
C32	10	7	25	4	0	4	7	31	0	0	0	0	0	0	0	0	0	0	0	0	6	4	2	0	0	0	6	2	1	13	2	0	3	0	31	0	0	0	0	0	0	0	0	0	0	0	0	2	2	1	0	0	23	5	11	3
C33	11	0	0	0	0	0	0	0	0	0	0	0	1	1	0	4	0	0	0	0	0	0	0	0	0	0	0	0	0	0	0	0	0	0	0	0	0	0	0	0	0	0	0	0	0	0	0	0	0	0	0	0	0	0	0	0
C34	4	0	1	0	0	0	1	0	0	0	0	0	0	0	0	0	0	0	2	0	0	1	0	0	0	0	0	0	0	0	0	0	0	0	0	1	0	2	0	0	0	0	0	0	0	0	0	0	0	0	0	0	0	0	1	0
C35	4	0	0	0	0	0	0	0	0	0	0	0	0	0	0	4	0	0	1	1	1	0	0	0	0	0	0	0	0	0	0	0	0	0	0	0	0	0	0	0	0	0	1	0	0	0	0	0	0	1	0	0	0	0	3	0
C36	3	0	0	28	0	0	0	0	0	0	0	0	0	1	0	0	0	0	0	24	0	0	0	0	0	0	0	0	0	0	1	0	0	0	0	0	0	0	0	0	0	2	0	0	0	0	0	0	1	0	0	0	0	1	1	0
C37	4	1	0	0	0	0	0	0	0	1	0	0	4	2	0	8	0	0	3	0	1	0	0	0	3	0	0	0	0	0	0	0	0	0	0	0	0	0	1	0	0	4	1	0	0	0	0	0	2	2	0	0	0	1	2	0
C38	2	0	0	1	0	0	0	0	0	0	0	0	2	0	0	1	0	0	0	0	0	0	0	0	0	0	0	0	0	0	0	0	0	0	0	0	0	0	0	0	0	1	3	0	0	0	0	0	3	1	0	0	0	0	1	0
C39	10	0	0	0	0	0	1	1	0	0	0	0	1	1	0	0	0	0	0	0	1	0	0	0	0	0	0	0	0	0	0	0	0	0	0	0	0	0	0	0	0	0	0	0	0	0	0	0	2	0	0	0	0	0	5	0
C40	2	0	0	0	0	1	0	0	0	0	0	0	0	0	0	0	0	0	0	0	0	2	0	2	0	0	0	0	0	0	0	2	1	3	0	0	0	3	0	0	0	2	0	0	0	2	0	0	0	0	1	0	0	0	2	0
C41	5	0	0	0	0	0	0	0	0	0	0	0	0	0	0	2	0	0	0	0	0	0	0	0	0	0	0	0	0	0	0	0	0	0	0	0	0	0	0	0	0	0	0	0	0	0	0	0	4	0	0	0	0	0	0	0
C42	8	0	0	1	1	0	0	0	0	0	0	0	3	0	0	5	0	1	2	0	0	0	0	0	0	0	0	0	0	0	0	0	0	0	0	0	0	0	0	0	0	0	1	1	0	0	0	1	3	0	0	0	0	0	4	0
C43	7	0	4	0	1	1	0	11	0	1	0	0	2	0	4	0	0	0	0	0	12	2	1	16	0	1	0	9	0	6	2	1	1	0	8	0	0	0	0	0	0	3	0	0	0	0	0	2	5	0	0	0	8	0	7	0
C45	3	0	4	10	0	0	2	9	0	0	0	0	0	1	0	0	0	0	0	0	1	0	0	0	0	0	0	0	0	0	23	2	0	6	5	0	0	0	0	0	0	0	5	0	0	0	0	0	0	0	0	0	0	0	0	0
C46	2	0	0	0	0	0	0	0	1	0	0	0	2	0	3	1	0	2	0	3	0	0	0	1	0	3	0	0	0	0	0	0	0	0	0	0	0	0	3	0	0	0	0	0	0	0	0	0	0	0	0	0	0	0	1	0
C47	7	0	0	0	0	0	0	0	0	0	0	0	1	4	0	4	0	0	0	1	0	0	0	0	0	1	0	0	0	0	0	0	0	0	0	0	0	1	0	1	0	25	1	0	0	0	0	0	2	1	0	0	0	0	19	0
C49	4	0	0	1	0	0	1	8	0	0	0	0	1	3	0	1	0	0	0	1	0	0	0	0	0	0	0	0	0	0	3	1	0	0	1	0	0	0	1	2	0	1	1	0	0	0	0	0	0	1	0	0	0	1	1	0
C51	2	0	0	0	0	0	0	0	0	0	0	0	1	0	10	0	0	0	0	0	0	0	0	0	0	0	0	0	0	0	0	0	0	0	0	0	0	0	0	0	0	0	0	0	0	0	0	0	2	0	0	0	0	0	4	0
C52	3	3	33	9	3	63	120	36	0	0	0	0	0	0	0	0	0	0	0	0	13	29	0	68	0	1	1	29	3	30	11	9	62	5	40	0	0	0	0	0	3	0	0	0	0	0	0	16	1	2	1	0	5	1	4	4
C53	2	0	934	7812	32	2	0	56	0	0	14114	190	0	0	1396	163	0	0	4530	74	0	4965	667	0	0	1	0	0	0	3728	6554	9315	348	5183	5003	15701	5431	8046	533	8723	127	0	0	13183	160	12408	3074	3276	8152	714	12478	362	0	0	1	0
C54	7	0	132	21	846	2379	5	145	1	0	0	0	4	12	8	3	0	2	1	1	344	0	0	0	0	62	0	0	0	16	95	2	2476	374	160	0	0	5	0	2	0	5	0	0	0	6	0	37	1	0	0	0	0	0	9	0
C55	5	1	1	0	0	0	1	2	0	0	0	0	0	0	0	0	0	0	0	0	2	1	0	1	0	2	0	1	1	4	1	0	0	0	1	0	0	0	0	0	1	0	0	0	0	0	0	1	2	1	0	1	1	1	2	1
C57	3	0	0	0	0	0	0	0	0	0	0	0	7	0	0	0	0	0	0	0	0	0	0	0	0	0	0	0	0	0	0	0	0	0	0	0	0	0	0	0	0	0	0	1	0	0	0	0	4	0	0	0	0	0	0	0
C59	5	0	0	5	0	0	0	4	0	0	0	0	0	2	0	2	45	0	2	3	0	0	1	0	0	0	6	0	0	0	10	1	0	0	26	10	0	0	0	3	0	1	0	0	0	0	1	1	69	124	0	12	0	0	2	0
C61	3	0	0	4	0	0	0	1	0	1	0	0	2	1	0	1	0	0	3	1	0	0	0	0	0	0	0	0	0	0	5	0	0	0	0	0	0	0	0	0	0	0	2	0	0	0	0	0	0	0	0	0	0	0	1	0
C62	4	0	0	0	1	0	0	0	0	0	0	0	1	0	2	0	0	0	0	0	0	0	0	0	0	0	0	0	0	0	0	0	0	0	0	0	0	0	0	0	0	0	0	0	0	0	0	0	2	0	0	0	0	0	2	0
C65	1	0	3	11	0	0	0	0	0	0	1	0	0	1	0	0	1	0	0	0	0	0	0	0	0	0	0	0	0	1	3	0	0	0	0	0	0	0	0	0	0	0	1	0	0	0	0	0	0	0	0	0	1	1	0	0
C67	5	1	0	0	0	0	0	0	0	7	0	0	0	0	0	0	0	0	0	0	0	0	0	9	1	8	0	0	2	0	0	0	0	0	0	0	0	0	0	0	0	0	0	0	0	0	0	0	1	0	0	0	1	0	4	0
C68	5	11	0	13	63	5	3	4	0	1	1	0	0	7	0	1275	1	0	77	4	17	0	4	0	2	0	0	3	15	2	6	7	1	1	17	0	2	1	7	6	4	25	93	0	1	0	125	166	0	18	0	4	0	6	7	7
C70	3	1	0	1	0	0	0	0	0	0	0	0	0	0	0	1	0	1	1	0	0	0	0	0	0	0	0	0	0	0	0	0	0	0	0	0	0	0	0	0	0	0	0	1	0	0	0	0	3	0	0	0	0	0	0	0
C77	2	0	0	0	0	0	0	0	0	0	0	0	0	1	0	1	0	0	1	0	0	0	0	0	0	0	0	0	0	0	0	0	0	0	0	0	0	0	0	0	0	1	6	0	0	0	0	0	0	0	0	0	0	1	0	0
C79	5	0	5	0	2	1	10	7	3	1	0	0	5	0	3	0	0	0	0	0	6	4	0	4	0	2	0	3	0	0	2	0	1	1	1	0	0	0	0	0	0	0	0	0	0	0	0	2	0	0	0	0	0	0	4	0
C82	0	0	153	28	1	19	1	339	0	0	0	0	0	0	0	0	0	0	0	0	0	0	0	0	0	0	0	0	0	206	3	1	0	0	226	0	0	0	0	0	0	0	0	0	0	0	0	0	0	0	0	0	0	0	0	0
C85	0	0	8	9	0	0	0	4	0	0	0	0	0	0	0	0	0	0	0	0	2	0	0	0	0	0	0	0	0	6	3	0	0	0	3	0	0	0	0	0	0	0	0	0	0	0	0	0	0	0	0	0	0	0	0	0
C86	0	0	22	152	115	15	5	195	2679	0	2	0	4565	0	0	0	0	0	44	0	8	314	0	1	0	0	0	0	0	1	58	32	4	3	189	166	0	1	0	1583	0	4	0	0	0	0	0	0	2	0	0	0	0	0	0	0
C87	0	0	7	45	1	1	1	111	0	0	0	0	0	0	0	0	0	0	0	0	7	0	0	0	0	0	0	0	0	7	37	1	1	0	119	0	0	0	0	0	0	0	0	0	0	0	0	64	0	0	0	0	0	0	0	0
C88	0	0	8	5	2	0	27	16	0	0	0	0	1	0	0	1	0	0	1	0	1	0	0	0	0	0	0	0	0	4	6	11	301	5	19	0	0	0	0	0	0	4	0	0	0	0	0	0	0	1	0	0	0	0	0	0
C90	0	0	28	27	0	0	0	3	0	0	0	0	0	0	0	0	0	0	0	0	0	0	0	0	0	0	0	0	0	1	28	0	0	0	1	0	0	0	0	0	0	0	0	0	0	0	0	0	0	0	0	0	0	0	0	0
C91	0	0	9	12	4113	26	0	0	0	0	0	0	5	0	1	0	0	0	0	0	13	0	0	0	5	741	0	0	0	8	13	2	0	0	6	0	0	0	0	0	0	0	0	0	0	0	0	0	3	0	0	0	0	0	0	0
C93	0	0	4	10	0	0	0	2	0	0	0	0	0	0	0	0	0	0	0	0	0	0	0	0	0	0	0	0	0	3	1	0	0	0	0	0	0	0	0	0	0	0	0	0	0	0	0	1	0	0	0	0	0	0	0	0
C96	0	0	2	14	0	0	1	0	0	0	0	0	0	0	0	0	0	0	0	0	27	0	0	0	0	0	0	0	0	0	14	0	0	0	1	0	0	0	0	0	0	0	0	0	0	0	0	13	0	0	0	0	0	0	0	0
C97	0	0	2	42	0	0	0	1	0	0	0	0	0	0	0	0	0	0	0	0	1	0	0	0	0	0	0	0	0	0	8	0	0	0	0	0	0	0	0	0	0	0	0	0	0	0	0	1	0	0	0	0	0	0	0	0
C98	0	0	5	0	0	0	0	0	0	0	0	0	0	0	0	0	0	0	0	0	101	0	0	0	0	0	0	0	0	0	47	0	0	0	0	0	0	0	0	0	0	0	0	0	0	0	0	0	0	0	0	0	0	0	0	0
C99	0	0	0	0	0	0	1	0	0	0	1257	2908	5836	1339	8546	3870	7749	15305	2	0	0	0	0	0	1	0	0	0	0	0	1	0	0	0	0	3	364	298	8734	2	0	3448	807	619	769	0	2	0	0	0	0	0	0	0	0	0
C100	0	0	0	0	0	0	811	0	0	0	0	0	0	0	0	0	0	0	0	0	0	0	0	0	0	0	0	0	0	0	0	0	0	0	0	0	0	0	0	0	0	0	0	0	0	0	0	0	0	0	0	0	0	0	0	0
C101	0	0	0	0	79	88	735	1	0	0	0	0	0	1	2	0	0	0	1	1	1	1	0	0	0	0	0	0	0	1	0	22	27	519	0	0	0	0	0	1	0	3	0	0	0	1	0	0	0	0	0	0	0	3	0	0
C102	0	0	0	0	0	0	0	0	0	0	2	6	15	1	21	7	14	85	0	0	0	0	0	0	0	0	0	0	0	0	0	0	0	0	0	0	1	0	26	0	0	1	1	0	0	0	0	0	0	0	0	0	0	0	0	0
C103	0	0	0	17	1	0	0	0	0	0	0	0	964	0	0	0	0	0	0	0	0	0	0	0	0	0	0	0	0	0	35	0	0	0	1	0	0	0	0	0	0	0	0	0	0	0	0	0	0	0	0	0	0	0	0	0
C104	0	0	0	1	0	0	0	0	0	0	1	0	0	0	0	0	0	0	0	0	0	1	0	0	0	0	0	0	0	0	0	1	0	0	2	2	0	1	0	0	0	0	0	1	0	0	0	0	1	0	0	0	0	0	0	0
C106	0	0	0	9	0	0	0	1	0	0	0	0	0	0	0	0	0	0	0	0	0	0	0	0	0	0	0	0	0	1	22	0	0	0	7	0	0	0	0	0	0	0	0	0	0	0	0	0	0	0	0	0	0	0	0	0
C107	0	0	0	2	0	0	0	106	0	0	0	0	0	0	0	0	0	0	0	0	1	0	0	0	0	0	0	0	0	0	5	0	0	0	24	0	0	0	0	0	0	0	0	0	0	0	0	0	0	0	0	0	0	0	0	0
C108	0	0	0	1	0	0	0	3	0	0	0	0	0	0	0	1	0	0	0	0	0	0	0	0	0	0	0	0	0	0	1	0	0	0	3	0	0	0	0	0	0	0	0	0	0	0	0	0	2	0	0	0	0	0	0	0
C109	0	0	0	0	0	0	0	0	0	0	1	0	12	1	22	9	5	21	0	0	0	0	0	0	0	0	0	0	0	0	0	0	0	0	0	0	0	1	8	0	0	0	1	0	0	0	0	0	0	0	0	0	0	0	0	0
C110	6	0	0	0	0	0	0	1	0	0	2	0	0	0	0	0	0	0	0	0	0	0	0	0	0	0	0	0	0	0	1	0	0	0	0	0	0	0	0	0	0	0	0	0	0	0	0	0	1	1	0	0	0	0	0	0
C111	0	0	10	10	0	1	7	17	0	0	0	0	0	0	0	0	0	0	0	0	26	48	2	45	0	6	0	55	3	12	9	1	6	0	20	0	0	0	0	0	0	0	0	0	0	0	0	19	32	3	2	1	4	12	4	2
C113	0	0	0	0	0	0	0	0	1	0	0	0	13	0	0	0	0	0	0	0	0	0	0	0	0	0	0	0	0	0	0	0	0	0	0	0	0	0	0	1	0	0	0	0	0	0	0	0	0	0	0	0	0	0	0	0
C114	38	5	1	7	1	0	0	0	6	13	7	0	24	14	4	53	0	2	14	7	2	2	1	0	1	1	0	0	0	0	3	0	2	0	0	1	0	0	0	4	0	54	18	4	0	0	2	0	12	21	2	0	0	2	17	0
C115	0	0	0	9	0	0	0	138	0	0	0	0	0	0	0	0	0	0	0	0	0	0	0	0	0	0	0	0	0	0	1	0	0	0	102	0	0	0	0	0	0	0	0	0	0	0	0	0	0	0	0	0	0	0	0	0
C116	0	0	0	251	0	1	9	1	0	0	0	0	0	1	0	20	0	0	2	15	3	0	0	0	0	775	0	0	0	0	81	19	30	0	0	0	0	0	0	0	0	7	0	0	0	0	0	1	11	0	0	0	0	1	2	0
C117	0	0	0	9	0	0	0	4	0	0	0	0	0	0	0	0	0	0	0	0	0	0	0	0	0	0	0	0	0	2	4	0	0	0	0	0	0	0	0	0	0	0	0	0	0	0	0	0	0	0	0	0	0	0	0	0
C118	0	0	0	0	0	0	0	0	0	0	0	0	0	0	0	0	0	0	0	0	0	0	0	0	8	71	0	0	0	0	0	0	0	0	0	0	0	0	0	0	0	0	0	0	0	0	0	0	1248	0	0	0	0	0	0	0
C119	0	0	0	0	10	14	0	0	0	0	0	0	0	0	0	0	0	0	0	0	1	0	0	0	0	0	0	0	0	0	0	0	0	1	0	0	0	0	0	0	0	0	0	0	0	0	0	0	0	0	0	0	0	0	0	0
C121	0	0	0	36	0	0	5	4	0	0	0	0	0	0	0	0	0	0	0	0	14	0	0	0	0	0	0	0	0	0	60	0	0	0	4	0	0	0	0	0	0	0	0	0	0	0	0	1	0	0	0	0	0	0	0	0
C122	1	0	0	0	0	0	0	0	1	0	0	1	5	0	0	1	2	1	0	2	0	2	0	0	0	1	0	0	0	0	0	0	0	0	1	1	0	0	3	2	0	0	0	0	0	0	0	0	0	0	0	0	1	0	0	0
C123	0	0	0	0	0	0	0	0	0	0	0	0	9	0	16	1	2	2	0	1	0	0	0	0	0	0	0	0	0	1	0	0	0	0	0	0	0	0	1	0	0	0	0	1	0	0	0	0	0	0	0	0	1	0	0	0
C124	0	0	1	10	0	0	0	0	0	0	2	0	0	0	0	0	0	0	2	0	0	26	1	0	0	0	0	0	0	5	20	12	4	14	21	3	4	4	0	2	0	0	0	8	0	3	1	5	9	0	9	0	0	0	1	0
C126	1	0	1	6	0	0	0	3	0	0	0	0	0	0	0	0	0	0	0	0	0	0	0	0	0	0	0	0	0	0	1	0	0	0	0	0	0	0	0	0	0	0	0	0	0	0	0	0	0	0	0	0	0	0	0	0
C128	0	0	0	0	0	0	0	0	0	0	8	0	6	0	2	0	0	0	1	0	2	0	0	0	0	0	0	0	0	0	0	0	1	0	0	0	0	0	0	0	0	0	0	0	0	0	0	0	3	0	1	0	0	0	1	0
C130	0	0	0	6	0	0	0	2	0	0	0	0	0	0	0	0	0	0	0	3	0	0	0	0	0	0	0	0	0	0	0	0	0	0	5	0	0	0	0	0	0	0	0	0	0	0	0	0	0	0	0	0	0	0	0	0
C135	1	0	0	6	0	0	1	9	0	0	0	0	0	1	0	5	0	0	1	0	1	0	0	0	0	0	0	0	0	0	12	0	0	0	12	0	0	0	0	0	0	0	0	0	0	0	0	0	0	0	0	0	0	0	0	0
C136	0	0	2	0	2	2	1	0	0	0	6	0	0	0	3	0	0	0	5	0	1	9	0	0	0	0	0	0	0	1	8	15	10	14	3	6	1	6	0	2	0	0	0	15	0	12	0	6	5	0	17	0	0	0	0	0
C141	0	0	0	3	0	0	0	10	0	0	0	0	0	0	0	0	0	0	0	0	0	0	0	0	0	0	0	0	0	0	1	0	0	0	0	0	0	0	0	0	0	0	0	0	0	0	0	0	0	0	0	0	0	0	0	0
C142	0	0	0	6	0	0	0	0	0	0	0	0	0	0	3	0	0	0	0	0	0	0	0	0	0	0	0	0	0	8	4	0	0	0	11	29	0	0	0	3	0	0	0	14	0	1	0	1	16	0	0	0	0	0	0	0
C143	0	0	0	0	0	0	0	21	0	0	0	0	0	0	0	0	0	0	0	1	0	0	0	0	0	0	0	0	0	1	0	1	0	0	0	0	0	0	0	0	0	0	0	0	0	0	0	0	0	0	0	0	0	0	0	0
C145	0	0	1	15	0	0	0	0	0	0	0	0	0	0	0	0	0	0	0	0	1	0	0	0	0	0	0	0	0	2	4	0	0	0	1	0	0	0	0	0	0	0	0	0	0	0	0	0	0	0	0	0	0	0	0	0
C151	3	0	0	0	0	0	0	12	0	0	0	0	1	2	0	0	0	0	0	0	0	0	0	0	0	0	0	0	0	0	0	0	0	0	0	0	0	0	0	0	1	0	0	0	0	0	0	0	1	0	0	0	0	0	1	0
C158	1	0	0	0	0	0	0	0	0	0	0	0	2	0	0	5	0	0	0	1	0	0	0	0	0	0	0	0	0	0	0	0	0	0	0	0	0	0	0	0	0	3	0	0	0	0	0	0	4	1	0	0	0	0	5	0
C160	0	0	0	2	0	0	0	8	0	1	0	0	0	0	0	0	0	0	0	0	0	0	0	0	0	0	0	0	0	0	1	0	0	12	35	0	0	0	0	0	0	0	0	0	0	0	0	0	0	0	0	0	0	0	0	0
C162	1	0	0	1	0	0	0	0	0	0	0	0	3	0	0	0	0	0	0	1	0	0	0	0	0	0	0	0	0	0	0	0	0	0	0	0	0	0	0	0	0	0	0	0	0	0	0	0	2	0	1	0	0	0	2	0
C169	0	0	0	0	5	10	0	0	0	0	0	0	0	0	0	0	0	0	0	0	1	0	0	0	0	0	0	0	0	0	0	0	54	3	0	0	0	0	0	0	0	0	0	0	0	0	0	0	0	0	0	0	0	0	0	0
C171	0	0	0	0	0	0	1	7	0	0	0	0	0	0	0	0	0	0	0	0	0	0	0	0	0	0	0	0	0	0	0	0	0	0	7	0	0	0	0	0	0	0	0	0	0	0	0	1	0	0	0	0	0	0	0	0
C173	0	0	0	1	4	6	0	1	0	0	2	0	0	0	1	0	0	0	1	0	2	0	0	0	0	0	0	0	0	3	0	0	3	7	0	1	1	0	1	2	0	0	0	1	0	0	0	0	3	0	2	0	0	0	0	0
C177	0	0	0	0	0	0	0	0	0	0	0	0	0	11	0	0	0	0	0	0	4	0	0	0	0	1	0	0	0	0	0	0	0	0	0	0	0	2	0	0	0	0	0	0	0	0	0	0	2	0	2	0	0	0	1	0
C179	0	0	0	0	0	0	0	0	0	0	0	0	0	0	0	0	0	0	0	0	0	0	0	0	15	1	0	0	0	0	1	0	0	0	0	1	0	0	0	0	0	0	0	0	0	0	0	0	0	0	0	0	0	0	0	0
C181	0	0	0	0	0	0	0	0	0	0	0	0	6	0	4	0	0	5	0	0	0	0	0	0	0	0	0	0	0	0	0	0	0	0	0	0	0	0	0	0	0	0	0	0	0	0	0	0	0	0	0	0	0	0	0	0
C182	0	0	0	0	0	0	0	0	0	0	0	0	4	0	0	0	0	0	0	0	0	0	0	0	0	0	0	0	0	0	0	0	0	0	0	0	0	0	0	0	0	0	0	0	0	0	0	0	0	0	0	0	0	0	8	0
C191	1	0	0	0	0	0	0	0	0	0	0	0	8	0	0	0	0	0	0	0	0	0	0	0	0	0	0	0	0	1	0	0	0	0	0	0	0	0	0	0	0	0	0	0	0	0	0	0	2	0	0	0	0	0	2	0
C195	0	0	0	2	0	0	0	0	0	0	0	0	1	1	0	0	0	0	0	0	2	0	0	0	0	0	0	0	0	0	0	0	0	0	1	0	0	0	0	0	0	0	3	0	0	0	0	0	1	0	0	0	0	0	1	0
C198	1	0	0	4	0	0	0	0	0	0	0	0	0	0	0	0	0	0	0	0	0	0	0	0	0	0	0	0	0	0	44	0	0	0	0	0	0	0	0	0	0	0	0	0	0	0	0	0	0	0	0	0	0	0	0	0
C203	0	0	0	1	0	0	0	1	0	0	0	0	0	0	0	0	0	0	0	0	1	0	0	2	0	0	0	0	0	0	68	0	0	0	2	0	0	0	0	0	0	0	0	0	0	0	0	1	0	0	0	0	0	0	0	0
C204	1	0	0	0	0	0	0	0	4	0	0	0	0	0	0	0	0	0	1	1	0	0	0	0	0	0	0	0	0	0	1	0	0	0	0	0	0	0	0	3	0	2	0	0	0	0	0	0	1	0	0	0	0	0	2	0
C207	0	0	1	1	0	0	0	0	0	0	0	0	0	0	0	0	0	0	0	0	1481	0	0	0	0	1	0	0	0	0	35	0	0	0	0	0	0	0	0	0	0	0	0	0	0	0	0	0	0	0	0	0	0	0	0	0
C208	0	0	2	5	0	0	0	0	0	0	1	0	0	0	2	0	0	0	0	0	0	0	0	0	0	0	0	0	0	3	1	0	0	3	4	2	1	3	0	1	0	0	0	7	0	1	0	0	7	0	2	0	0	0	0	0
C209	0	0	0	1	0	0	0	0	0	0	0	0	0	3	0	0	0	0	0	7	0	0	0	0	0	0	0	0	0	0	0	0	0	0	0	0	0	0	0	0	0	0	0	0	0	0	0	0	0	0	0	0	0	0	0	0
C211	0	0	0	0	0	0	8	0	0	0	0	0	0	0	0	0	0	0	0	8	0	0	0	0	0	0	0	0	0	0	0	0	0	0	0	0	0	0	0	0	0	0	0	0	0	0	0	0	0	0	0	0	0	0	0	0
C212	0	0	0	0	0	0	0	0	0	0	0	0	0	1	0	0	0	0	0	0	0	1	0	2	3	1	0	1	1	0	0	0	0	0	0	0	0	0	0	0	0	0	0	0	0	0	0	0	0	0	0	0	1	0	0	0
C213	0	0	0	1	0	0	0	0	0	0	2	0	0	0	1	0	0	0	0	0	0	1	0	0	0	0	0	0	0	1	0	1	0	0	2	6	1	1	0	3	0	0	0	3	0	3	0	1	3	0	3	0	0	0	0	0
C215	0	0	0	0	0	0	0	0	3	0	0	0	0	0	0	0	0	0	0	99	0	0	0	0	0	0	0	0	0	0	0	0	0	0	0	0	0	0	0	0	0	0	0	0	0	0	0	0	0	0	0	0	0	0	0	0
C220	1	0	0	10	0	0	1	0	0	0	0	0	0	2	0	0	0	0	0	0	0	0	0	0	0	0	0	0	0	0	1	0	0	0	0	0	0	0	0	0	0	0	0	0	0	0	0	0	0	0	0	0	0	0	0	0
C225	0	0	0	3	0	0	0	0	0	0	0	0	2	0	0	0	0	0	0	0	0	0	0	0	0	0	0	0	0	0	0	0	0	0	0	0	0	0	0	0	0	0	0	0	0	0	0	0	17	0	0	0	0	0	1	0
C226	1	0	0	0	0	0	0	0	2	0	0	0	0	0	0	0	0	0	0	49	0	0	0	0	0	0	0	0	0	0	0	0	0	0	0	0	0	0	0	0	0	0	0	0	0	0	0	0	2	0	0	0	64	0	0	0
C230	9	1	0	2	0	0	0	1	0	0	0	0	2	9	0	8	0	0	0	1	0	0	1	0	1	0	0	0	0	0	0	2	0	0	0	0	0	0	0	0	0	0	7	0	0	0	1	0	7	2	0	0	0	0	5	0
C232	0	0	0	0	0	0	5	2	0	0	0	0	0	0	0	0	0	0	0	0	0	0	0	0	0	0	0	0	0	1	0	0	3	1	0	0	0	0	0	0	0	0	0	0	0	0	0	0	0	0	0	0	0	0	0	0
C234	0	0	0	0	0	0	0	0	0	0	0	0	0	0	0	0	0	0	0	14	0	0	0	0	0	0	0	0	0	0	0	0	0	0	0	0	0	0	0	0	0	0	0	0	0	0	0	0	0	0	0	0	0	0	0	0
C236	1	0	0	1	0	0	0	0	0	0	0	0	2	0	1	0	0	0	0	4	0	0	0	0	1	2	1	2	1	0	0	0	0	0	0	0	0	0	1	0	0	0	0	0	0	0	0	0	0	0	0	0	0	0	1	0
C238	1	0	0	0	0	1	0	0	0	0	0	0	2	0	1	0	0	0	2	0	0	0	0	0	0	1	0	0	0	0	0	2	0	0	0	0	0	3	0	0	0	0	0	0	0	0	0	0	0	0	1	0	0	0	0	0
C240	0	0	0	2	0	0	0	0	0	0	2	0	0	0	2	0	0	0	3	0	0	0	1	0	0	0	0	0	0	3	0	1	0	0	3	6	0	2	1	0	0	0	0	6	0	5	2	0	3	0	4	0	0	0	0	0
C244	1	0	0	0	1	0	0	2	0	1	0	0	0	0	2	0	0	0	0	0	1	0	0	0	1	0	0	1	0	2	1	0	0	0	1	0	0	0	0	0	1	0	0	0	0	0	0	0	0	0	0	0	0	1	3	0
C248	0	0	2	0	0	0	0	1	0	0	0	0	0	0	0	0	0	0	0	0	0	2	0	10	1	0	1	0	2	0	1	0	0	0	3	0	0	0	0	0	0	0	0	0	0	0	0	0	1	0	0	0	0	1	2	2
C250	0	0	0	0	0	0	0	0	0	0	0	0	0	0	0	0	0	0	19	0	0	0	0	0	0	0	0	0	0	0	0	0	0	0	0	0	0	0	0	0	0	0	0	0	0	0	0	0	0	0	0	0	0	0	0	0
C255	0	0	0	0	0	0	0	0	0	0	1	0	0	0	1	0	0	0	2	0	0	0	0	0	0	0	0	0	0	0	0	2	0	2	3	0	0	1	0	0	0	0	0	1	0	3	0	2	1	0	2	0	0	0	0	0
C259	0	0	0	0	0	0	0	0	0	0	0	0	0	0	0	0	0	0	0	0	0	0	0	4	1	1	0	0	3	0	0	0	0	0	0	0	0	0	0	0	0	0	0	0	0	0	0	0	0	0	0	0	0	0	2	0
C264	0	0	1	0	1	8	0	1	0	0	0	0	0	0	0	0	0	0	0	0	9	0	0	0	0	3	0	0	0	0	2	0	3	0	2	0	0	0	0	0	0	0	0	0	0	0	0	0	7	2	0	0	0	0	0	0
C271	0	0	0	0	0	0	0	0	0	0	0	0	0	0	0	0	0	0	1	1	0	0	0	0	0	0	0	0	0	0	1	1	0	13	0	0	0	0	0	1	0	0	0	0	0	0	0	0	0	0	0	0	0	0	0	0
C275	0	0	0	0	0	0	0	0	0	0	0	0	0	1	0	2	0	0	1	0	0	0	0	0	0	0	0	0	0	0	0	0	0	0	0	0	0	0	0	0	0	0	0	0	0	0	0	0	2	7	0	0	0	0	4	0
C277	1	0	0	0	0	0	0	0	0	1	0	0	1	0	0	0	0	0	0	0	0	0	0	0	0	0	0	0	0	0	6	0	0	0	0	0	0	0	0	0	0	0	0	0	0	0	0	0	0	0	0	0	0	0	2	0
C288	4	2	2	2	0	0	0	3	0	0	0	0	0	0	0	1	0	0	0	0	0	0	1	0	0	0	0	3	0	0	1	0	0	0	0	0	0	0	0	0	1	0	0	0	0	0	0	1	0	0	0	0	0	0	1	1
C290	8	0	0	0	0	0	0	0	0	0	0	0	2	4	2	5	1	0	2	1	1	0	0	0	0	0	0	0	0	0	0	0	0	0	0	1	0	0	1	0	0	3	1	0	0	0	1	0	10	1	0	0	0	0	6	0
C291	0	0	0	2	0	0	0	0	0	0	0	0	0	0	0	0	0	0	0	0	0	0	0	0	0	0	0	0	0	0	4	0	0	2	3	2	0	0	0	0	0	0	0	0	0	0	0	0	3	2	0	3	0	0	0	0
C298	0	0	0	5	0	0	0	0	0	0	3	0	0	0	1	0	0	0	0	0	0	3	1	0	0	0	0	0	0	3	2	1	0	0	2	1	2	1	0	3	0	0	0	3	0	1	0	0	0	0	4	0	0	0	0	0
C300	0	0	0	4	0	0	1	2	0	0	0	0	0	0	0	0	0	0	2	0	1	0	0	0	0	0	0	0	0	0	16	0	0	0	3	0	0	0	0	0	0	0	0	0	0	0	0	0	0	0	0	0	0	0	0	0
C302	0	0	0	0	0	0	0	0	0	0	0	0	0	0	0	0	0	0	0	0	0	0	0	0	0	0	0	0	0	0	13	0	0	0	0	0	0	0	0	0	0	0	0	0	0	0	0	0	0	0	0	0	0	0	0	0
C303	0	0	0	5	0	0	0	0	0	0	0	0	0	0	0	0	0	0	0	0	0	0	0	0	0	0	0	0	0	0	61	0	0	0	2	0	0	0	0	0	0	0	0	0	0	0	0	0	0	0	0	0	0	0	0	0
C305	2	0	0	0	0	0	0	0	0	0	0	0	0	0	0	0	1	0	0	0	0	0	0	0	0	0	0	0	0	0	0	0	0	1	0	0	0	0	0	0	0	6	2	0	0	0	0	0	2	0	0	0	0	0	0	0
C306	0	0	0	0	0	0	0	0	0	0	0	0	0	0	0	1	1	0	0	0	0	0	0	0	0	0	0	0	0	0	0	0	0	0	0	0	0	0	2	11	0	0	0	0	0	0	0	0	0	0	0	0	0	0	0	0
C332	0	0	0	1	0	0	0	1	0	0	0	0	0	3	0	1	0	0	2	1	0	0	0	0	0	0	0	0	0	1	0	0	0	0	1	0	0	0	0	0	0	0	0	0	0	0	0	0	0	0	0	0	0	0	0	0
C345	0	0	0	0	0	0	0	0	0	0	0	0	0	0	0	0	0	0	0	0	0	0	0	0	0	0	0	0	0	0	0	0	0	0	0	0	0	0	0	18	0	0	0	0	0	0	0	0	0	1	0	0	0	0	0	0
C346	0	0	0	0	0	0	0	0	0	0	2	0	0	0	0	0	0	0	0	0	0	0	0	0	0	0	0	0	0	1	2	1	0	0	3	1	1	0	0	0	0	0	0	0	0	0	0	0	2	0	0	0	0	0	0	0
C350	1	0	2	1	2	0	0	2	0	0	0	0	1	0	0	9	0	0	1	0	0	0	0	0	0	0	0	1	0	4	0	0	1	1	3	1	0	0	0	1	0	0	0	1	0	2	0	0	5	1	0	0	0	0	6	0
C356	0	0	0	1	0	0	0	0	0	0	1	0	0	0	0	0	0	0	0	0	0	0	0	0	0	0	0	0	0	2	1	0	0	1	6	9	0	0	0	0	0	0	0	3	0	0	0	0	5	0	0	0	0	0	0	0
C382	1	0	0	0	1	0	0	0	0	0	0	0	0	0	0	0	0	0	0	0	0	0	0	0	0	5	0	0	0	0	0	0	0	0	0	4	0	0	0	0	0	6	0	0	0	0	0	1	0	0	0	0	0	0	0	0
